scenario,event_id,t0_us,t1_us,t2_us,t3_us,t4_us,status
S2,1,238841839,238841863,238841900,238841955,238847514,ok
S2,2,240078670,240078695,240078731,240078787,240084346,ok
S2,3,241151946,241151970,241152007,241152066,241157625,ok
S2,4,242193019,242193043,242193084,242193139,242198699,ok
S2,5,243286321,243286348,243286385,243287740,243293299,ok
S2,6,244341280,244341304,244341341,244341396,244346955,ok
S2,7,245266541,245266565,245266605,245267740,245273299,ok
S2,8,246210848,246210872,246210909,246210965,246216524,ok
S2,9,247199578,247199602,247199639,247199694,247205253,ok
S2,10,248170388,248170412,248170449,248170505,248176064,ok
S2,11,249247990,249248014,249248051,249248110,249253669,ok
S2,12,250358208,250358232,250358269,250358324,250363883,ok
S2,13,251378576,251378600,251378637,251378693,251384252,ok
S2,14,252437308,252437332,252437369,252437425,252442984,ok
S2,15,253552581,253552605,253552642,253552697,253558256,ok
S2,16,254596138,254596162,254596199,254596254,254601814,ok
S2,17,255659357,255659381,255659418,255659474,255665033,ok
S2,18,256580567,256580591,256580628,256580683,256586242,ok
S2,19,257586945,257586969,257587006,257587740,257593299,ok
S2,20,258602569,258602597,258602634,258607740,258613299,ok
S2,21,259542966,259542990,259543031,259547740,259553299,ok
S2,22,260508124,260508148,260508185,260508241,260513800,ok
S2,23,261491686,261491710,261491747,261491807,261497366,ok
S2,24,262419384,262419409,262419446,262419501,262425061,ok
S2,25,263393908,263393932,263393969,263394025,263399584,ok
S2,26,264313143,264313167,264313204,264313259,264318819,ok
S2,27,265313160,265313185,265313222,265313277,265318837,ok
S2,28,266190314,266190338,266190375,266190431,266195990,ok
S2,29,267059585,267059609,267059646,267059702,267065261,ok
S2,30,267941838,267941863,267941900,267941955,267947514,ok
